Links,,,,,,
https://www.gharbazar.com/property/details/boutique-hotel-at-godawari-9098,,,,,,
https://www.gharbazar.com/property/details/3bhk-apartment-at-downtown-6150,,,,,,
https://www.gharbazar.com/property/details/bungalow-at-kusunti-bhaisepati-area-8927,,,,,,
https://www.gharbazar.com/property/details/apartment-at-hattiban-9094,,,,,,
https://www.gharbazar.com/property/details/bungalow-at-budhanilkantha-9080,,,,,,
https://www.gharbazar.com/property/details/house-land-at-khairahani-3-chitwan-9091,,,,,,
https://www.gharbazar.com/property/details/house-at-reliable-colony-bhaisepati-sainbu-6750,,,,,,
https://www.gharbazar.com/property/details/house-at-bafal-gwarko-lalitpur-9071,,,,,,
https://www.gharbazar.com/property/details/house-at-green-valley-homes-8829,,,,,,
https://www.gharbazar.com/property/details/house-at-lalipur-lubu-9087,,,,,,
https://www.gharbazar.com/property/details/house-at-tilottama-homes-type-b-9037,,,,,,
https://www.gharbazar.com/property/details/house-at-tilottama-homes-type-a-9023,,,,,,
https://www.gharbazar.com/property/details/house-at-lolang-tarkeshwor-9068,,,,,,
https://www.gharbazar.com/property/details/house-at-balkot-bhaktapur-9056,,,,,,
https://www.gharbazar.com/property/details/house-at-lalitpur-imadol-9061,,,,,,
https://www.gharbazar.com/property/details/house-at-cityscape-villas-hattiban-9059,,,,,,
https://www.gharbazar.com/property/details/apartment-at-hattiban-lalitpur-9055,,,,,,
https://www.gharbazar.com/property/details/shutter-at-chabahil-chowk-9048,,,,,,
https://www.gharbazar.com/property/details/house-at-kadaghari-8947,,,,,,
https://www.gharbazar.com/property/details/house-at-thaiba-7357,,,,,,
https://www.gharbazar.com/property/details/house-at-sital-height-imadol-9054,,,,,,
https://www.gharbazar.com/property/details/house-at-balkot-7523,,,,,,
https://www.gharbazar.com/property/details/house-at-tikathali-9044,,,,,,
https://www.gharbazar.com/property/details/house-land-at-bharatpur-11-9039,,,,,,
https://www.gharbazar.com/property/details/boutique-hotel-at-godawari-9098,,,,,,
https://www.gharbazar.com/property/details/3bhk-apartment-at-downtown-6150,,,,,,
https://www.gharbazar.com/property/details/bungalow-at-kusunti-bhaisepati-area-8927,,,,,,
https://www.gharbazar.com/property/details/apartment-at-hattiban-9094,,,,,,
https://www.gharbazar.com/property/details/bungalow-at-budhanilkantha-9080,,,,,,
https://www.gharbazar.com/property/details/house-land-at-khairahani-3-chitwan-9091,,,,,,
https://www.gharbazar.com/property/details/house-at-reliable-colony-bhaisepati-sainbu-6750,,,,,,
https://www.gharbazar.com/property/details/house-at-bafal-gwarko-lalitpur-9071,,,,,,
https://www.gharbazar.com/property/details/house-at-green-valley-homes-8829,,,,,,
https://www.gharbazar.com/property/details/house-at-lalipur-lubu-9087,,,,,,
https://www.gharbazar.com/property/details/house-at-tilottama-homes-type-b-9037,,,,,,
https://www.gharbazar.com/property/details/house-at-tilottama-homes-type-a-9023,,,,,,
https://www.gharbazar.com/property/details/house-at-lolang-tarkeshwor-9068,,,,,,
https://www.gharbazar.com/property/details/house-at-balkot-bhaktapur-9056,,,,,,
https://www.gharbazar.com/property/details/house-at-lalitpur-imadol-9061,,,,,,
https://www.gharbazar.com/property/details/house-at-cityscape-villas-hattiban-9059,,,,,,
https://www.gharbazar.com/property/details/apartment-at-hattiban-lalitpur-9055,,,,,,
https://www.gharbazar.com/property/details/shutter-at-chabahil-chowk-9048,,,,,,
https://www.gharbazar.com/property/details/house-at-kadaghari-8947,,,,,,
https://www.gharbazar.com/property/details/house-at-thaiba-7357,,,,,,
https://www.gharbazar.com/property/details/house-at-sital-height-imadol-9054,,,,,,
https://www.gharbazar.com/property/details/house-at-balkot-7523,,,,,,
https://www.gharbazar.com/property/details/house-at-tikathali-9044,,,,,,
https://www.gharbazar.com/property/details/house-land-at-bharatpur-11-9039,,,,,,
https://www.gharbazar.com/property/details/house-at-hattiban-lalitpur-9041,,,,,,
https://www.gharbazar.com/property/details/house-at-sinamangal-8954,,,,,,
https://www.gharbazar.com/property/details/apartment-at-sunrise-tower-dhobighat-8288,,,,,,
https://www.gharbazar.com/property/details/apartment-at-sunrise-apartment-nakkhu-9036,,,,,,
https://www.gharbazar.com/property/details/house-at-budhanilkantha-9029,,,,,,
https://www.gharbazar.com/property/details/house-at-bhaisepati-8887,,,,,,
https://www.gharbazar.com/property/details/house-at-dahachowk-7409,,,,,,
https://www.gharbazar.com/property/details/house-at-pepsicola-gothatar-9026,,,,,,
https://www.gharbazar.com/property/details/house-at-sanepa-8995,,,,,,
https://www.gharbazar.com/property/details/house-at-dhaneshwor-housing-pool-9019,,,,,,
https://www.gharbazar.com/property/details/house-at-near-west-wings-school-lubhu-9017,,,,,,
https://www.gharbazar.com/property/details/house-at-nakhipot-9013,,,,,,
https://www.gharbazar.com/property/details/house-at-nagarjuna-9011,,,,,,
https://www.gharbazar.com/property/details/house-at-passikot-9012,,,,,,
https://www.gharbazar.com/property/details/house-at-high-vision-colony-9001,,,,,,
https://www.gharbazar.com/property/details/house-at-kailali-dhangadhi-7-devhariya-gaudi-jokar-taal-road-9006,,,,,,
https://www.gharbazar.com/property/details/apartment-at-grande-tower-5464,,,,,,
https://www.gharbazar.com/property/details/house-at-shree-ganesh-batuk-bhairab-tol-lagankhel-9000,,,,,,
https://www.gharbazar.com/property/details/house-at-mitrapark-8996,,,,,,
https://www.gharbazar.com/property/details/house-at-nepal-medical-college-8964,,,,,,
https://www.gharbazar.com/property/details/house-at-tarkeswor-8967,,,,,,
https://www.gharbazar.com/property/details/house-at-imadol-mahalaxmi-nagarpalika-8972,,,,,,
https://www.gharbazar.com/property/details/house-at-kathmandu-8977,,,,,,
https://www.gharbazar.com/property/details/house-at-makalbari-8979,,,,,,
https://www.gharbazar.com/property/details/house-at-kapan-8990,,,,,,
https://www.gharbazar.com/property/details/house-at-biratnagar-8991,,,,,,
https://www.gharbazar.com/property/details/house-at-gaushala-8946,,,,,,
https://www.gharbazar.com/property/details/house-at-suryabinayak-8956,,,,,,
https://www.gharbazar.com/property/details/house-at-lalitpur-8953,,,,,,
https://www.gharbazar.com/property/details/house-at-tokha-5063,,,,,,
https://www.gharbazar.com/property/details/house-at-gaidakot-8948,,,,,,
https://www.gharbazar.com/property/details/house-at-syuchatar-kathmandu-8923,,,,,,
https://www.gharbazar.com/property/details/house-at-sitapaila-6798,,,,,,
https://www.gharbazar.com/property/details/house-at-sitapaila-ramkot-6841,,,,,,
https://www.gharbazar.com/property/details/house-at-sanobharyang-8899,,,,,,
https://www.gharbazar.com/property/details/office-space-at-thamel-8217,,,,,,
https://www.gharbazar.com/property/details/bungalow-at-dhobighat-7504,,,,,,
https://www.gharbazar.com/property/details/house-at-budhhachowk-gairigaun-soyambhu-7297,,,,,,
https://www.gharbazar.com/property/details/house-at-padma-colony-8859,,,,,,
https://www.gharbazar.com/property/details/apartment-at-city-view-bakhundol-8892,,,,,,
https://www.gharbazar.com/property/details/house-at-golfutar-bhangal-8898,,,,,,
https://www.gharbazar.com/property/details/house-at-bhimsengola-8778,,,,,,
https://www.gharbazar.com/property/details/apartment-at-civil-homes-phase-iv-6039,,,,,,
https://www.gharbazar.com/property/details/house-at-tarakeswor-municipality-04-6242,,,,,,
https://www.gharbazar.com/property/details/house-at-makalbari-3010,,,,,,
https://www.gharbazar.com/property/details/bungalow-at-civil-homes-8785,,,,,,
https://www.gharbazar.com/property/details/bungalow-at-civil-homes-8572,,,,,,
https://www.gharbazar.com/property/details/house-at-mulpani-6598,,,,,,
https://www.gharbazar.com/property/details/house-at-sitapakha-hattiban-7470,,,,,,
https://www.gharbazar.com/property/details/house-land-at-dakshinkali-4566,,,,,,
https://www.gharbazar.com/property/details/house-at-sainbu-bhainsepati-8668,,,,,,
https://www.gharbazar.com/property/details/house-at-hattidanda-pepsicola-8229,,,,,,
https://www.gharbazar.com/property/details/house-at-chitwan-8708,,,,,,
https://www.gharbazar.com/property/details/ladies-clothing-shop-with-remittance-counter-8113,,,,,,
https://www.gharbazar.com/property/details/house-at-thimi-6467,,,,,,
https://www.gharbazar.com/property/details/commercial-building-at-bhangal-4370,,,,,,
https://www.gharbazar.com/property/details/house-at-chabahil-2860,,,,,,
https://www.gharbazar.com/property/details/flat-at-sunrise-apartment-4179,,,,,,
https://www.gharbazar.com/property/details/house-at-bafal-2648,,,,,,
https://www.gharbazar.com/property/details/house-at-gurjudhara-2948,,,,,,
https://www.gharbazar.com/property/details/house-at-near-ichangu-narayan-swoyambhu-8644,,,,,,
https://www.gharbazar.com/property/details/house-at-nayabazar-6349,,,,,,
https://www.gharbazar.com/property/details/house-at-bhaisepati-3820,,,,,,
https://www.gharbazar.com/property/details/house-at-sitapaila-kathmandu-8635,,,,,,
https://www.gharbazar.com/property/details/house-at-suryabinayak-7957,,,,,,
https://www.gharbazar.com/property/details/house-at-civil-homes-satdobato-7897,,,,,,
https://www.gharbazar.com/property/details/house-at-bhairab-chowk-gokarna-8643,,,,,,
https://www.gharbazar.com/property/details/house-at-kimdole-swoyambhu-8652,,,,,,
https://www.gharbazar.com/property/details/house-at-mulpani-8575,,,,,,
https://www.gharbazar.com/property/details/house-at-thulobharang-8497,,,,,,
https://www.gharbazar.com/property/details/house-at-imadol-kamalpokhari-7768,,,,,,
https://www.gharbazar.com/property/details/house-at-mahankal-3966,,,,,,
https://www.gharbazar.com/property/details/dhapakhel-civil-homes-housing-8499,,,,,,
https://www.gharbazar.com/property/details/house-at-chamati-8601,,,,,,
https://www.gharbazar.com/property/details/house-at-chandragiri-14-kathmandu-8598,,,,,,
https://www.gharbazar.com/property/details/house-at-ochu-height-imadol-8592,,,,,,
https://www.gharbazar.com/property/details/house-at-jadibuti-8471,,,,,,
https://www.gharbazar.com/property/details/house-at-balkot-height-4541,,,,,,
https://www.gharbazar.com/property/details/house-at-kapan-paiyatar-8556,,,,,,
https://www.gharbazar.com/property/details/house-at-balkot-7789,,,,,,
https://www.gharbazar.com/property/details/house-at-chetrapati-2672,,,,,,
https://www.gharbazar.com/property/details/house-at-faika-2631,,,,,,
https://www.gharbazar.com/property/details/house-at-kapan-2630,,,,,,
https://www.gharbazar.com/property/details/house-at-tyanglaphat-2493,,,,,,
https://www.gharbazar.com/property/details/house-at-gaurighat-2231,,,,,,
https://www.gharbazar.com/property/details/house-at-syuchatar-4778,,,,,,
https://www.gharbazar.com/property/details/house-at-bharatpur-2218,,,,,,
https://www.gharbazar.com/property/details/house-at-gongabu-1149,,,,,,
https://www.gharbazar.com/property/details/house-at-narayanthan-800,,,,,,
https://www.gharbazar.com/property/details/house-at-bhangal-345,,,,,,
https://www.gharbazar.com/property/details/house-at-kalanki-6266,,,,,,
https://www.gharbazar.com/property/details/house-at-duwakot-8489,,,,,,
https://www.gharbazar.com/property/details/house-at-bhaisepati-aawash-5782,,,,,,
https://www.gharbazar.com/property/details/bungalow-at-golfutar-5364,,,,,,
https://www.gharbazar.com/property/details/house-at-tinchuli-arubari-jorpati-6021,,,,,,
https://www.gharbazar.com/property/details/house-at-gothatar-8423,,,,,,
https://www.gharbazar.com/property/details/commercial-building-at-kichapokhari-8097,,,,,,
https://www.gharbazar.com/property/details/house-at-imadol-8417,,,,,,
https://www.gharbazar.com/property/details/house-at-kapan-height-4544,,,,,,
https://www.gharbazar.com/property/details/house-at-gatthaghar-6026,,,,,,
https://www.gharbazar.com/property/details/house-at-greenland-5727,,,,,,
https://www.gharbazar.com/property/details/house-at-civil-homes-sitapaila-6797,,,,,,
https://www.gharbazar.com/property/details/house-at-dhapakhel-height-6561,,,,,,
https://www.gharbazar.com/property/details/house-at-khumaltar-6447,,,,,,
https://www.gharbazar.com/property/details/house-at-mahadevsthan-3049,,,,,,
https://www.gharbazar.com/property/details/house-at-budhanilkantha-7244,,,,,,
https://www.gharbazar.com/property/details/house-at-gatthaghar-4311,,,,,,
https://www.gharbazar.com/property/details/house-at-adeshwor-mahadev-sitapaila-8178,,,,,,
https://www.gharbazar.com/property/details/bungalow-at-imadol-height-5407,,,,,,
https://www.gharbazar.com/property/details/bungalow-at-dhapasi-6371,,,,,,
https://www.gharbazar.com/property/details/house-at-pasikot-7722,,,,,,
https://www.gharbazar.com/property/details/house-at-subidhanagar-1,,,,,,
https://www.gharbazar.com/property/details/land-and-house-at-sanga-2977,,,,,,
https://www.gharbazar.com/property/details/house-at-balaju-2955,,,,,,
https://www.gharbazar.com/property/details/house-at-kapan-2775,,,,,,
https://www.gharbazar.com/property/details/house-at-imadol-5700,,,,,,
https://www.gharbazar.com/property/details/house-at-kalanki-8024,,,,,,
https://www.gharbazar.com/property/details/house-at-anamnagar-3016,,,,,,
https://www.gharbazar.com/property/details/house-at-thulobharang-7828,,,,,,
https://www.gharbazar.com/property/details/house-at-pasikot-6514,,,,,,
https://www.gharbazar.com/property/details/house-at-kalanki-14-5648,,,,,,
https://www.gharbazar.com/property/details/house-at-puspalal-chowk-kapan-7567,,,,,,
https://www.gharbazar.com/property/details/house-at-kharibot-kapan-7563,,,,,,
https://www.gharbazar.com/property/details/house-at-lekhnath-pokhara-7705,,,,,,
https://www.gharbazar.com/property/details/house-at-bhangal-7594,,,,,,
https://www.gharbazar.com/property/details/house-at-imadol-7731,,,,,,
https://www.gharbazar.com/property/details/bungalow-at-budhanilkantha-6034,,,,,,
https://www.gharbazar.com/property/details/house-at-pepsicola-6769,,,,,,
https://www.gharbazar.com/property/details/house-at-sitapaila-hattiban-7596,,,,,,
https://www.gharbazar.com/property/details/bungalow-at-baluwatar-7624,,,,,,
https://www.gharbazar.com/property/details/house-at-imadol-7322,,,,,,
https://www.gharbazar.com/property/details/house-at-besigaun-jorpati-7675,,,,,,
https://www.gharbazar.com/property/details/office-space-at-pulchowk-7658,,,,,,
https://www.gharbazar.com/property/details/house-at-banasthali-balaju-7620,,,,,,
https://www.gharbazar.com/property/details/house-at-mitranagar-6379,,,,,,
https://www.gharbazar.com/property/details/house-at-sundarbasti-5693,,,,,,
https://www.gharbazar.com/property/details/house-land-at-tikathali-sarswotikhel-5729,,,,,,
https://www.gharbazar.com/property/details/bungalow-at-kapan-height-5745,,,,,,
https://www.gharbazar.com/property/details/house-at-janakpur-5828,,,,,,
https://www.gharbazar.com/property/details/house-at-imadol-7393,,,,,,
https://www.gharbazar.com/property/details/house-at-bhangal-7595,,,,,,
https://www.gharbazar.com/property/details/house-at-narayantar-7574,,,,,,
https://www.gharbazar.com/property/details/house-at-imadol-7588,,,,,,
https://www.gharbazar.com/property/details/house-at-hattiban-sitapakha-6846,,,,,,
https://www.gharbazar.com/property/details/house-at-basanta-nagar-balaju-7580,,,,,,
https://www.gharbazar.com/property/details/house-at-gothatar-5120,,,,,,
https://www.gharbazar.com/property/details/house-at-imadol-7552,,,,,,
https://www.gharbazar.com/property/details/house-at-budhanilkantha-7460,,,,,,
https://www.gharbazar.com/property/details/house-at-sanobharyang-6509,,,,,,
https://www.gharbazar.com/property/details/office-space-at-tinkune-subidhanagar-7319,,,,,,
https://www.gharbazar.com/property/details/house-at-kapan-paiyatar-7318,,,,,,
https://www.gharbazar.com/property/details/house-at-imadol-7310,,,,,,
https://www.gharbazar.com/property/details/house-at-imadol-sheetal-height-7309,,,,,,
https://www.gharbazar.com/property/details/house-at-thulobharyang-7267,,,,,,
https://www.gharbazar.com/property/details/house-at-bhangal-sundarbasti-7260,,,,,,
https://www.gharbazar.com/property/details/house-at-mulpani-7227,,,,,,
https://www.gharbazar.com/property/details/house-at-janakpur-7209,,,,,,
https://www.gharbazar.com/property/details/house-at-balkhu-7136,,,,,,
https://www.gharbazar.com/property/details/house-at-imadol-nayabasti-7085,,,,,,
https://www.gharbazar.com/property/details/bungalow-at-khumaltar-7082,,,,,,
https://www.gharbazar.com/property/details/house-at-pepsicola-kadaghari-7022,,,,,,
https://www.gharbazar.com/property/details/house-at-harisiddhi-6970,,,,,,
https://www.gharbazar.com/property/details/house-at-sanagau-6969,,,,,,
https://www.gharbazar.com/property/details/house-at-gatthaghar-6908,,,,,,
https://www.gharbazar.com/property/details/commercial-building-at-new-baneshwor-6802,,,,,,
https://www.gharbazar.com/property/details/house-at-thulobharyang-6500,,,,,,
https://www.gharbazar.com/property/details/house-at-imadol-6552,,,,,,
https://www.gharbazar.com/property/details/bungalow-at-pasikot-5609,,,,,,
https://www.gharbazar.com/property/details/house-at-jadibuti-6698,,,,,,
https://www.gharbazar.com/property/details/house-at-bode-town-planning-6485,,,,,,
https://www.gharbazar.com/property/details/house-at-banepa-6687,,,,,,
https://www.gharbazar.com/property/details/house-at-kadaghari-6686,,,,,,
https://www.gharbazar.com/property/details/bungalow-at-sukedhara-6679,,,,,,
https://www.gharbazar.com/property/details/house-at-dakshindhoka-6540,,,,,,
https://www.gharbazar.com/property/details/house-at-bansbari-6196,,,,,,
https://www.gharbazar.com/property/details/bungalow-at-budhanilkantha-6491,,,,,,
https://www.gharbazar.com/property/details/house-land-at-nayapati-gokarneshwor-6472,,,,,,
https://www.gharbazar.com/property/details/house-at-mulpani-6468,,,,,,
https://www.gharbazar.com/property/details/house-at-dakshin-dhoka-6466,,,,,,
https://www.gharbazar.com/property/details/house-at-bhaisepati-6432,,,,,,
https://www.gharbazar.com/property/details/house-at-birtamode-4856,,,,,,
https://www.gharbazar.com/property/details/house-at-pepsicola-3989,,,,,,
https://www.gharbazar.com/property/details/house-at-nakhu-bhaisepati-6429,,,,,,
https://www.gharbazar.com/property/details/house-at-lolang-6414,,,,,,
https://www.gharbazar.com/property/details/house-at-imadol-6375,,,,,,
https://www.gharbazar.com/property/details/house-at-sitapaila-6359,,,,,,
https://www.gharbazar.com/property/details/house-at-boudha-6355,,,,,,
https://www.gharbazar.com/property/details/house-at-sallaghari-6337,,,,,,
https://www.gharbazar.com/property/details/house-at-pepsicola-6324,,,,,,
https://www.gharbazar.com/property/details/house-at-mandikhatar-6312,,,,,,
https://www.gharbazar.com/property/details/bangalow-at-nakhu-6228,,,,,,
https://www.gharbazar.com/property/details/house-land-at-fishtail-residency-pokhara-6165,,,,,,
https://www.gharbazar.com/property/details/house-at-kapan-6174,,,,,,
https://www.gharbazar.com/property/details/house-at-syuchatar-6158,,,,,,
https://www.gharbazar.com/property/details/house-at-makalbari-6156,,,,,,
https://www.gharbazar.com/property/details/bungalow-at-kusunti-6095,,,,,,
https://www.gharbazar.com/property/details/house-at-mulpani-6077,,,,,,
https://www.gharbazar.com/property/details/house-land-at-chabahil-6068,,,,,,
https://www.gharbazar.com/property/details/house-at-thulo-bharyang-6054,,,,,,
https://www.gharbazar.com/property/details/house-at-bhaktapur-katunje-6035,,,,,,
https://www.gharbazar.com/property/details/house-at-baluwakhani-6028,,,,,,
https://www.gharbazar.com/property/details/house-at-kapan-height-6023,,,,,,
https://www.gharbazar.com/property/details/bungalow-at-kapan-height-6022,,,,,,
https://www.gharbazar.com/property/details/house-at-kalanki-14-6009,,,,,,
https://www.gharbazar.com/property/details/house-at-jorpati-5998,,,,,,
https://www.gharbazar.com/property/details/house-at-sobhahiti-lalitpur-5986,,,,,,
https://www.gharbazar.com/property/details/house-at-hattiban-5968,,,,,,
https://www.gharbazar.com/property/details/commercial-building-at-nepaltar-balaju-5951,,,,,,
https://www.gharbazar.com/property/details/house-land-at-chhauni-5861,,,,,,
https://www.gharbazar.com/property/details/house-at-koteshwor-5833,,,,,,
https://www.gharbazar.com/property/details/commercial-building-at-kirtipur-4535,,,,,,
https://www.gharbazar.com/property/details/house-at-lokanthali-5692,,,,,,
https://www.gharbazar.com/property/details/house-at-budhanilkantha-5716,,,,,,
https://www.gharbazar.com/property/details/house-at-pepsicola-5708,,,,,,
https://www.gharbazar.com/property/details/house-at-sundarbasti-5703,,,,,,
https://www.gharbazar.com/property/details/commercial-house-at-ratopul-5681,,,,,,
https://www.gharbazar.com/property/details/house-at-jadibuti-5674,,,,,,
https://www.gharbazar.com/property/details/house-at-pepsicola-5661,,,,,,
https://www.gharbazar.com/property/details/house-at-pepsicola-5644,,,,,,
https://www.gharbazar.com/property/details/house-at-kalanki-4607,,,,,,
https://www.gharbazar.com/property/details/house-at-dadhikot-5600,,,,,,
https://www.gharbazar.com/property/details/house-at-pepsicola-townplaning-5578,,,,,,
https://www.gharbazar.com/property/details/house-at-kalanki-syuchatar-5573,,,,,,
https://www.gharbazar.com/property/details/house-at-tikathali-5494,,,,,,
https://www.gharbazar.com/property/details/house-at-golfutar-5238,,,,,,
https://www.gharbazar.com/property/details/house-at-samakhusi-mahadevtar-5496,,,,,,
https://www.gharbazar.com/property/details/house-at-swoyambu-4675,,,,,,
https://www.gharbazar.com/property/details/house-at-dhapasi-height-5471,,,,,,
https://www.gharbazar.com/property/details/house-at-kadaghari-5431,,,,,,
https://www.gharbazar.com/property/details/house-at-gongbu-town-planing-4978,,,,,,
https://www.gharbazar.com/property/details/restaurant-at-gwarko-5413,,,,,,
https://www.gharbazar.com/property/details/house-at-budhanilkantha-5385,,,,,,
https://www.gharbazar.com/property/details/bungalow-at-civil-homes-5352,,,,,,
https://www.gharbazar.com/property/details/house-land-at-damak-3932,,,,,,
https://www.gharbazar.com/property/details/house-at-kapan-5356,,,,,,
https://www.gharbazar.com/property/details/bungalow-at-civil-homes-5351,,,,,,
https://www.gharbazar.com/property/details/house-at-gothatar-5342,,,,,,
https://www.gharbazar.com/property/details/house-at-maharajgunj-4133,,,,,,
https://www.gharbazar.com/property/details/house-land-at-chabahil-4850,,,,,,
https://www.gharbazar.com/property/details/house-at-maharajgunj-4886,,,,,,
https://www.gharbazar.com/property/details/house-at-makalbari-69,,,,,,
https://www.gharbazar.com/property/details/house-at-thulobharyang-5252,,,,,,
https://www.gharbazar.com/property/details/house-at-pepsicola-kadaghari-5253,,,,,,
https://www.gharbazar.com/property/details/bungalow-at-budhanilkantha-taulung-5239,,,,,,
https://www.gharbazar.com/property/details/house-at-tikathali-3537,,,,,,
https://www.gharbazar.com/property/details/house-at-thimi-3723,,,,,,
https://www.gharbazar.com/property/details/house-at-sindhuli-3566,,,,,,
https://www.gharbazar.com/property/details/house-at-sano-thimi-3475,,,,,,
https://www.gharbazar.com/property/details/house-at-pepsicola-4261,,,,,,
https://www.gharbazar.com/property/details/house-at-maitidevi-3481,,,,,,
https://www.gharbazar.com/property/details/house-at-jhapa-3682,,,,,,
https://www.gharbazar.com/property/details/house-at-bharatpur-4306,,,,,,
https://www.gharbazar.com/property/details/bunglow-at-machhegaun-4023,,,,,,
https://www.gharbazar.com/property/details/bungalow-at-satdobato-2815,,,,,,
https://www.gharbazar.com/property/details/bunglow-at-bhaisepati-aawas-4951,,,,,,
https://www.gharbazar.com/property/details/house-at-gokarna-bhairab-chowk-5163,,,,,,
https://www.gharbazar.com/property/details/house-at-makalbari-3458,,,,,,
https://www.gharbazar.com/property/details/bungalow-at-chhauni-5093,,,,,,
https://www.gharbazar.com/property/details/house-at-lolang-height-4372,,,,,,
https://www.gharbazar.com/property/details/house-at-bouddha-3950,,,,,,
https://www.gharbazar.com/property/details/house-at-sitapaila-4973,,,,,,
https://www.gharbazar.com/property/details/house-at-dakshindhoka-4404,,,,,,
https://www.gharbazar.com/property/details/house-at-talchikhel-4568,,,,,,
https://www.gharbazar.com/property/details/bungalow-at-baluwatar-4258,,,,,,
https://www.gharbazar.com/property/details/house-at-jorpati-472,,,,,,
https://www.gharbazar.com/property/details/house-at-kapan-3461,,,,,,
https://www.gharbazar.com/property/details/house-at-nakhipot-4730,,,,,,
https://www.gharbazar.com/property/details/house-at-jadibuti-2953,,,,,,
https://www.gharbazar.com/property/details/house-at-makalbari-4499,,,,,,
https://www.gharbazar.com/property/details/house-at-kalanki-3739,,,,,,
https://www.gharbazar.com/property/details/house-at-jhaukhel-4581,,,,,,
https://www.gharbazar.com/property/details/house-at-dhapakhel-3681,,,,,,
https://www.gharbazar.com/property/details/house-at-bijeshwari-4497,,,,,,
https://www.gharbazar.com/property/details/house-at-gatthaghar-4484,,,,,,
https://www.gharbazar.com/property/details/house-at-biratnagar-4522,,,,,,
https://www.gharbazar.com/property/details/house-at-imadol-seti-pakha-4419,,,,,,
https://www.gharbazar.com/property/details/house-at-bhairahawa-4401,,,,,,
https://www.gharbazar.com/property/details/commercial-building-at-pepsicola-3034,,,,,,
https://www.gharbazar.com/property/details/house-at-jhapa-4297,,,,,,
https://www.gharbazar.com/property/details/bungalow-at-bode-3866,,,,,,
https://www.gharbazar.com/property/details/bungalow-at-nakhu-4204,,,,,,
https://www.gharbazar.com/property/details/house-at-raniban-3560,,,,,,
https://www.gharbazar.com/property/details/house-at-sinamangal-4075,,,,,,
https://www.gharbazar.com/property/details/house-at-tikathali-4044,,,,,,
https://www.gharbazar.com/property/details/bungalow-at-budhanilkantha-3810,,,,,,
https://www.gharbazar.com/property/details/house-at-bharatpur-4012,,,,,,
https://www.gharbazar.com/property/details/house-at-birat-chowk-morang-3879,,,,,,
https://www.gharbazar.com/property/details/house-at-hetauda-2874,,,,,,
https://www.gharbazar.com/property/details/house-at-lokanthali-3628,,,,,,
https://www.gharbazar.com/property/details/house-at-chitwan-3669,,,,,,
https://www.gharbazar.com/property/details/house-at-khumaltar-3596,,,,,,
https://www.gharbazar.com/property/details/house-at-butwal-2845,,,,,,
